,tamanho,ano,garagem,predicted
0,159.0,2003,2,202609.1
1,117.0,1976,2,160107.7
2,166.0,2001,2,217290.6
3,160.0,1915,3,125583.7
4,204.0,2000,3,283472.34
5,127.0,1993,2,170340.31
6,157.0,2004,2,202609.1
7,194.0,1973,2,215450.67
8,165.0,1931,2,168990.11
9,100.0,1939,1,118455.625
10,97.0,1965,1,121331.484
11,216.0,2005,3,316449.8
12,85.0,1962,1,115950.93
13,139.0,2006,3,229820.19
14,116.0,1960,1,130396.234
15,79.0,1929,2,96954.85
16,93.0,1970,2,135802.2
17,120.0,1967,2,147893.92
18,103.0,2004,2,150149.97
19,124.0,1958,1,130396.234
20,221.0,2005,3,316449.8
21,103.0,1930,1,110909.96
22,167.0,2002,2,210407.12
23,98.0,1976,2,143979.0
24,98.0,1968,1,127845.42
25,149.0,2007,3,237201.94
26,84.0,1951,2,113552.61
27,158.0,2007,3,299477.16
28,149.0,1957,1,155005.27
29,48.0,1927,1,74234.55
30,122.0,1920,1,110909.96
31,114.0,1966,1,130396.234
32,115.0,2007,2,180748.06
33,158.0,1959,2,167934.19
34,145.0,2005,2,211967.4
35,228.0,2004,3,323279.38
36,102.0,1994,2,145615.44
37,120.0,1954,2,132218.88
38,98.0,1953,1,123101.0
39,107.0,1955,0,102654.69
40,123.0,1965,2,147893.92
41,123.0,1959,1,130396.234
42,82.0,1983,2,131489.34
43,87.0,1975,1,120273.04
44,107.0,1959,1,127845.42
45,163.0,2005,2,219765.4
46,200.0,2003,2,246028.88
47,154.0,2006,3,250295.53
48,135.0,1920,0,114655.945
49,89.0,1966,1,115950.93
50,137.0,1997,2,185178.78
51,109.0,1934,2,119240.766
52,76.0,1963,2,120318.664
53,171.0,1981,3,269410.06
54,126.0,1955,2,132218.88
55,132.0,1964,2,155641.4
56,162.0,1999,2,221063.12
57,160.0,2004,2,202609.1
58,274.0,2006,3,444795.06
59,72.0,1972,1,108946.57
60,108.0,2004,2,160700.88
61,103.0,1920,1,110909.96
62,127.0,2006,2,181543.69
63,159.0,1921,2,166410.42
64,189.0,1997,2,231848.88
65,230.0,2004,3,323279.38
66,205.0,1970,2,215450.67
67,137.0,2003,2,185939.44
68,69.0,1945,1,87835.38
69,212.0,1953,2,203167.66
70,207.0,1973,2,202089.88
71,79.0,1982,2,131489.34
72,160.0,1998,2,206291.38
73,101.0,1954,2,126641.11
74,149.0,1915,1,136179.69
75,92.0,1973,1,112096.24
76,88.0,1956,1,115950.93
77,119.0,1948,1,118455.625
78,164.0,1968,0,138156.3
79,114.0,1910,2,119240.766
80,199.0,1968,1,197932.47
81,124.0,1998,2,174070.56
82,145.0,2007,3,237201.94
83,99.0,1960,2,142316.14
84,137.0,1995,2,181448.5
85,225.0,1991,2,256063.03
86,145.0,2005,2,211967.4
87,114.0,2009,2,182964.31
88,142.0,1915,0,102790.555
89,92.0,1994,0,121686.766
90,97.0,1950,2,113552.61
91,115.0,1961,2,144866.95
92,90.0,1921,2,111532.016
93,213.0,1910,2,155874.03
94,166.0,1997,2,209646.47
95,137.0,1993,2,181448.5
96,148.0,1999,2,206291.38
97,89.0,1965,1,115950.93
98,78.0,1920,1,96000.87
99,114.0,1959,0,107219.266
100,150.0,1977,2,172230.02
101,161.0,1985,2,199021.56
102,143.0,1979,2,166438.58
103,114.0,2009,3,197264.1
104,169.0,1931,1,161821.98
105,185.0,2003,2,231939.89
106,97.0,1885,1,103201.21
107,73.0,1948,1,104107.49
108,141.0,1919,0,117516.32
109,171.0,1977,2,189215.88
110,172.0,1954,1,147151.19
111,133.0,2000,2,185178.78
112,250.0,2007,3,393132.62
113,210.0,1953,2,203167.66
114,216.0,1945,1,214193.42
115,135.0,1999,2,185178.78
116,101.0,1962,1,127845.42
117,105.0,2006,2,156862.44
118,299.0,1990,3,335574.34
119,135.0,2005,2,185939.44
120,92.0,1969,2,133911.34
121,104.0,1939,1,118455.625
122,100.0,1958,1,127845.42
123,111.0,1993,2,158717.19
124,147.0,1979,2,172230.02
125,70.0,1935,0,87273.95
126,89.0,1976,2,135149.64
127,78.0,1930,0,87273.95
128,125.0,1966,2,147893.92
129,98.0,1958,2,142316.14
130,200.0,1966,2,219461.97
131,191.0,2000,2,231848.88
132,123.0,1959,2,147893.92
133,120.0,2001,2,181714.69
134,160.0,1968,2,172230.02
135,156.0,1970,2,172230.02
136,113.0,1967,1,130396.234
137,182.0,1988,3,239843.31
138,172.0,1999,3,254709.97
139,164.0,1997,2,209646.47
140,80.0,1971,0,100023.67
141,161.0,2005,2,211967.4
142,129.0,1952,2,130695.12
143,139.0,1999,2,191680.1
144,161.0,1963,2,159923.53
145,159.0,2004,2,202609.1
146,81.0,1931,1,100051.54
147,189.0,2001,2,238823.38
148,100.0,2004,0,120680.195
149,125.0,1936,1,118455.625
150,90.0,1975,2,135149.64
151,159.0,2007,3,299477.16
152,185.0,1971,2,204949.69
153,116.0,1960,2,147893.92
154,111.0,1923,1,110909.96
155,102.0,1924,0,87732.99
156,97.0,1950,2,113552.61
157,183.0,2009,3,319416.25
158,181.0,2004,2,207443.62
159,229.0,2005,2,271374.56
160,114.0,1984,2,157921.56
161,248.0,2003,3,386872.0
162,143.0,2005,2,205735.28
163,82.0,1956,0,100023.67
164,150.0,1926,1,152231.81
165,126.0,1940,0,97841.55
166,173.0,1955,1,174145.39
167,201.0,2007,3,348446.5
168,160.0,2004,2,202609.1
169,159.0,1981,2,196698.0
170,128.0,1941,2,130695.12
171,154.0,1960,2,167934.19
172,164.0,1987,2,202174.69
173,127.0,1961,2,147893.92
174,153.0,1986,2,199021.56
175,200.0,1950,2,182484.98
176,191.0,1988,2,225325.47
177,178.0,1958,2,182169.14
178,208.0,2008,3,450317.56
179,90.0,1923,2,111532.016
180,142.0,2000,2,200059.22
181,167.0,1920,1,157125.44
182,124.0,1957,1,130396.234
183,193.0,2003,2,231939.89
184,116.0,1908,2,126111.64
185,335.0,1892,3,449315.7
186,113.0,1990,2,167313.34
187,154.0,1916,1,136179.69
188,114.0,1979,2,157080.75
189,148.0,2001,2,213935.53
190,253.0,1932,2,284565.97
191,137.0,1972,2,159937.23
192,133.0,1999,2,185178.78
193,159.0,2004,2,202609.1
194,80.0,1972,1,108946.57
195,135.0,1976,2,159937.23
196,160.0,2007,3,299477.16
197,289.0,1918,2,231267.02
198,207.0,1912,0,130915.805
199,159.0,2004,3,247438.53
200,104.0,2003,2,150149.97
201,119.0,1977,2,160107.7
202,122.0,1924,1,110909.96
203,79.0,2004,2,139969.19
204,119.0,1947,1,118455.625
205,134.0,1990,2,181448.5
206,158.0,1962,1,151256.28
207,102.0,1960,1,127845.42
208,192.0,1988,2,225325.47
209,101.0,1964,2,142316.14
210,80.0,1925,0,87273.95
211,113.0,2009,2,182964.31
212,172.0,2009,2,259692.28
213,92.0,1995,2,143724.6
214,129.0,1977,1,138755.33
215,115.0,1957,1,130396.234
216,133.0,2004,2,185939.44
217,123.0,1925,1,110909.96
218,182.0,1939,2,155737.88
219,116.0,2005,2,169297.03
220,139.0,2006,2,219968.9
221,211.0,2002,2,252930.89
222,144.0,1975,2,172230.02
223,80.0,1971,2,120318.664
224,222.0,2003,3,328769.3
225,121.0,1971,1,126541.55
226,234.0,1995,3,300486.3
227,92.0,1970,1,112096.24
228,85.0,1967,1,115950.93
229,144.0,2005,2,211967.4
230,111.0,1959,1,130396.234
231,260.0,1995,3,441578.56
232,92.0,1972,1,112096.24
233,83.0,1976,1,120273.04
234,182.0,2002,2,207443.62
235,92.0,1971,1,112096.24
236,131.0,2004,2,174831.22
237,162.0,1993,2,213793.28
238,157.0,2007,3,293217.47
239,138.0,1945,1,131956.78
240,145.0,2008,2,235130.33
241,80.0,1945,0,91329.91
242,134.0,1900,1,110419.24
243,113.0,1980,1,138755.33
244,196.0,1994,2,245937.86
245,174.0,1988,2,209750.12
246,179.0,1910,1,135356.53
247,128.0,1954,2,132218.88
248,155.0,2003,2,202609.1
249,199.0,1958,2,212524.33
250,121.0,1940,0,95278.664
251,151.0,2006,2,235707.53
252,152.0,2004,2,202609.1
253,121.0,1964,1,130396.234
254,122.0,1957,1,130396.234
255,213.0,1999,2,252839.88
256,161.0,2003,2,202609.1
257,149.0,2006,2,220739.69
258,166.0,2001,2,217290.6
259,82.0,1956,1,112801.26
260,128.0,1962,2,147893.92
261,239.0,2007,3,351278.62
262,113.0,1977,2,157080.75
263,122.0,1929,2,126111.64
264,71.0,1925,2,81930.97
265,132.0,1981,2,175990.47
266,140.0,1997,2,191680.1
267,204.0,1939,1,193510.73
268,72.0,1940,1,104107.49
269,103.0,1976,1,125653.59
270,180.0,2006,3,292354.5
271,127.0,1954,2,132218.88
272,211.0,1999,3,283472.34
273,152.0,1958,1,155005.27
274,76.0,1982,1,117964.18
275,144.0,1925,2,166410.42
276,145.0,2003,2,202609.1
277,80.0,1951,2,98975.445
278,197.0,2006,3,333476.25
279,188.0,1977,2,195444.88
280,184.0,1989,2,211022.05
281,117.0,2006,2,176009.53
282,122.0,2007,2,194787.75
283,136.0,2008,3,245494.58
284,146.0,1992,2,199021.56
285,116.0,2006,2,176009.53
286,161.0,1962,2,159923.53
287,80.0,1971,0,100023.67
288,84.0,1967,1,115950.93
289,130.0,1915,1,115493.44
290,178.0,2006,2,227181.0
291,159.0,1912,0,100301.71
292,159.0,1949,1,149732.52
293,210.0,1977,2,208991.89
294,153.0,1953,2,166410.42
295,93.0,1984,2,144819.81
296,145.0,1950,1,153481.5
297,181.0,1997,2,206682.97
298,162.0,1968,2,193057.11
299,107.0,1950,1,124295.82
300,124.0,1953,1,124295.82
301,228.0,1998,2,267506.2
302,143.0,2001,3,216673.06
303,83.0,1972,2,126972.85
304,325.0,1880,3,281587.34
305,186.0,2004,3,297590.94
306,208.0,1990,3,253762.45
307,131.0,1920,0,92316.47
308,80.0,1940,2,98975.445
309,181.0,2003,3,281975.4
310,139.0,1993,2,187949.84
311,90.0,1948,1,107257.164
312,104.0,1939,2,121261.36
313,189.0,1965,2,240146.12
314,152.0,1925,2,166410.42
315,133.0,2004,2,185939.44
316,219.0,1980,2,208991.89
317,182.0,2006,3,285972.84
318,246.0,1993,3,273403.2
319,137.0,1980,2,159937.23
320,241.0,2006,3,336308.38
321,229.0,2004,3,323279.38
322,254.0,1986,2,276667.38
323,108.0,1955,1,128382.47
324,277.0,1967,2,285221.4
325,75.0,1941,2,83951.56
326,160.0,1993,2,199021.56
327,128.0,1960,1,130396.234
328,198.0,1916,2,155874.03
329,111.0,1920,1,110909.96
330,161.0,1964,1,129597.57
331,98.0,1958,1,127845.42
332,151.0,2003,3,237330.78
333,126.0,2004,2,174831.22
334,152.0,1998,2,206291.38
335,166.0,1965,2,181640.45
336,179.0,2005,3,288357.06
337,143.0,2002,2,200819.88
338,151.0,1984,2,192764.25
339,113.0,1958,1,130396.234
340,177.0,2002,2,213825.28
341,78.0,1950,1,109947.69
342,97.0,1949,2,113552.61
343,156.0,2005,2,211967.4
344,103.0,1976,1,125653.59
345,147.0,1939,1,152231.81
346,89.0,1960,1,115950.93
347,137.0,1960,2,155641.4
348,151.0,2003,2,202609.1
349,253.0,2005,3,416068.12
350,174.0,2007,2,235428.28
351,135.0,1986,2,181448.5
352,103.0,1941,1,118455.625
353,67.0,1928,2,78749.38
354,148.0,1940,1,152231.81
355,111.0,1995,2,158717.19
356,108.0,1992,2,158717.19
357,106.0,1976,2,143979.0
358,126.0,1958,1,130396.234
359,179.0,1998,2,213064.62
360,85.0,1978,2,135149.64
361,140.0,1940,1,135667.58
362,179.0,2003,2,213825.28
363,92.0,1972,1,112096.24
364,146.0,1976,2,172230.02
365,125.0,1920,1,110909.96
366,130.0,1963,2,147893.92
367,133.0,1962,1,138143.72
368,118.0,1954,1,128382.47
369,120.0,1959,2,147893.92
370,155.0,2000,2,206291.38
371,148.0,1959,2,167934.19
372,70.0,1984,1,117964.18
373,123.0,1953,1,124295.82
374,179.0,2003,2,213825.28
375,84.0,1922,0,77998.54
376,85.0,1996,2,140559.94
377,229.0,2004,2,262016.3
378,172.0,2010,3,354391.28
379,167.0,2000,2,209646.47
380,157.0,1924,1,152231.81
381,121.0,2006,2,181543.69
382,167.0,2006,2,223762.84
383,73.0,1928,2,81930.97
384,181.0,1992,2,209952.06
385,118.0,2004,2,174831.22
386,110.0,1910,0,87732.99
387,105.0,1976,1,125653.59
388,137.0,1999,2,185178.78
389,217.0,2007,3,361533.72
390,127.0,1900,1,109832.53
391,182.0,2001,2,214327.1
392,82.0,1959,1,112801.26
393,73.0,1941,0,91329.91
394,96.0,1940,1,110746.875
395,106.0,1956,1,127845.42
396,83.0,1972,2,126972.85
397,168.0,1962,1,165479.95
398,100.0,1920,1,110909.96
399,144.0,2006,2,214966.81
400,120.0,1996,2,174070.56
401,122.0,2005,2,174831.22
402,62.0,1940,1,95643.95
403,210.0,1998,2,252839.88
404,146.0,1995,2,199021.56
405,151.0,1976,2,172230.02
406,152.0,1936,1,152231.81
407,156.0,1915,1,136179.69
408,202.0,2006,3,333476.25
409,193.0,2007,3,348446.5
410,119.0,1958,1,130396.234
411,98.0,1955,2,125446.29
412,137.0,2009,2,212624.89
413,96.0,1927,2,111532.016
414,195.0,1993,3,254563.52
415,124.0,2007,2,194787.75
416,130.0,1978,2,160107.7
417,244.0,1918,3,227454.66
418,105.0,1940,1,118455.625
419,98.0,1968,1,127845.42
420,125.0,1997,4,204893.25
421,149.0,1977,2,172230.02
422,92.0,1954,2,118932.36
423,244.0,1998,3,322608.25
424,111.0,1956,1,130396.234
425,129.0,1946,1,121018.51
426,153.0,1989,2,199021.56
427,84.0,1957,1,115950.93
428,112.0,2007,2,180748.06
429,131.0,1988,2,170340.31
430,92.0,1971,1,112096.24
431,111.0,1920,0,87732.99
432,127.0,1971,2,147893.92
433,149.0,1997,2,206291.38
434,59.0,1972,0,82007.945
435,154.0,1996,2,206291.38
436,104.0,1920,2,119240.766
437,84.0,1926,1,103201.21
438,64.0,1913,1,80347.66
439,111.0,1920,2,119240.766
440,223.0,2008,3,462979.56
441,134.0,1955,0,127544.984
442,146.0,1930,2,166410.42
443,117.0,2006,3,192565.1
444,177.0,1994,2,209952.06
445,157.0,1956,2,167934.19
446,175.0,1966,2,186464.97
447,175.0,1998,2,213064.62
448,128.0,1937,1,121018.51
449,110.0,1948,1,118455.625
450,76.0,1930,1,100051.54
451,142.0,1975,2,166438.58
452,163.0,1996,2,209646.47
453,148.0,2008,2,245434.66
454,161.0,1976,2,164219.36
455,115.0,1973,2,144866.95
456,125.0,1916,3,120835.95
457,154.0,1954,2,167934.19
458,155.0,1925,1,152231.81
459,112.0,1950,1,124295.82
460,180.0,2009,2,259692.28
461,105.0,1936,2,121261.36
462,80.0,1965,1,112801.26
463,154.0,1934,1,152231.81
464,97.0,1978,0,120923.31
465,131.0,2004,2,174831.22
466,119.0,1970,2,147893.92
467,153.0,1942,1,152231.81
468,152.0,2006,3,244677.12
469,159.0,1993,2,199021.56
470,140.0,1985,2,187949.84
471,183.0,1977,2,174912.81
472,100.0,2005,2,150149.97
473,184.0,2006,3,314617.38
474,153.0,2000,2,206291.38
475,90.0,1963,2,126972.85
476,139.0,1997,2,191680.1
477,246.0,2006,3,333819.9
478,160.0,2007,3,299477.16
479,105.0,1937,2,121261.36
480,172.0,2004,3,288357.06
481,166.0,2003,3,255236.5
482,170.0,1915,1,145769.86
483,113.0,1998,2,168536.38
484,93.0,1962,1,117841.78
485,103.0,1950,1,124295.82
486,100.0,1965,2,142316.14
487,138.0,1971,2,164741.56
488,224.0,1900,2,148691.23
489,59.0,1970,1,90930.85
490,121.0,1976,1,138755.33
491,147.0,1941,1,152231.81
492,135.0,2006,2,205806.28
493,118.0,1960,1,130396.234
494,82.0,1938,1,104107.49
495,67.0,1920,0,56015.707
496,300.0,1992,2,357012.84
497,169.0,1925,1,161821.98
498,84.0,1967,1,115950.93
499,85.0,1958,1,115950.93
500,113.0,1973,1,126541.55
501,164.0,2005,2,219765.4
502,113.0,1965,2,144866.95
503,167.0,1959,2,177344.62
504,123.0,1974,2,160107.7
505,182.0,1952,2,146309.95
506,178.0,1993,2,209952.06
507,113.0,2009,2,182964.31
508,128.0,1928,2,130695.12
509,97.0,1959,1,121331.484
510,127.0,1951,1,126858.7
511,127.0,2005,2,174831.22
512,80.0,1958,2,120318.664
513,100.0,1983,2,144819.81
514,73.0,1926,1,100051.54
515,188.0,2009,3,368884.12
516,197.0,1972,2,215450.67
517,218.0,1996,3,283472.34
518,167.0,1998,2,209646.47
519,193.0,1926,1,200277.38
520,120.0,1900,0,87732.99
521,116.0,1957,1,130396.234
522,155.0,1947,2,166410.42
523,434.0,2007,3,168320.78
524,223.0,1996,3,310255.56
525,118.0,2005,2,174831.22
526,86.0,1956,1,115950.93
527,252.0,2008,3,485463.84
528,56.0,1920,0,70803.26
529,234.0,1957,2,183149.69
530,140.0,1988,2,187949.84
531,127.0,1920,2,130695.12
532,77.0,1955,1,111483.52
533,31.0,1946,0,53055.66
534,131.0,2004,2,174831.22
535,125.0,1910,0,87732.99
536,160.0,1998,2,206291.38
537,80.0,1972,2,120318.664
538,108.0,1968,1,130396.234
539,149.0,2001,2,213935.53
540,171.0,2006,3,292354.5
541,212.0,2000,3,283472.34
542,156.0,1998,2,206291.38
543,71.0,1998,1,124319.43
544,139.0,2006,2,219968.9
545,203.0,1988,3,248040.11
546,152.0,1923,2,166410.42
547,71.0,1970,2,120318.664
548,77.0,1955,2,104355.195
549,195.0,2003,2,246028.88
550,99.0,1977,2,143979.0
551,86.0,1957,1,115950.93
552,160.0,2006,3,266662.97
553,105.0,1949,2,121261.36
554,190.0,2003,3,316449.8
555,97.0,1922,1,103201.21
556,101.0,1957,1,127845.42
557,124.0,1920,1,110909.96
558,134.0,1996,2,185178.78
559,145.0,2003,2,202609.1
560,129.0,1957,2,147893.92
561,129.0,1974,2,160107.7
562,93.0,1940,0,90594.125
563,156.0,1918,2,166410.42
564,213.0,1992,2,252839.88
565,153.0,1915,1,136179.69
566,233.0,2005,3,323279.38
567,143.0,2004,2,196376.97
568,198.0,1983,2,239414.45
569,88.0,1979,2,135149.64
570,161.0,1965,2,164219.36
571,80.0,1959,1,112801.26
572,157.0,2009,2,235569.88
573,133.0,2000,2,185178.78
574,103.0,1971,1,123990.734
575,113.0,1947,1,118455.625
576,137.0,1928,1,123240.914
577,123.0,1966,2,147893.92
578,129.0,2007,2,194787.75
579,167.0,1954,1,149221.28
580,133.0,1960,2,155641.4
581,190.0,2008,3,376759.38
582,76.0,1990,0,114737.86
583,258.0,1893,2,208139.44
584,146.0,1935,1,152231.81
585,188.0,2005,3,316449.8
586,78.0,1918,1,96000.87
587,80.0,1982,2,131489.34
588,137.0,1968,1,142439.55
589,87.0,1930,1,103201.21
590,147.0,2004,2,202609.1
591,213.0,2008,3,450317.56
592,76.0,1982,2,131489.34
593,79.0,2003,2,139969.19
594,86.0,1975,1,120273.04
595,170.0,2005,3,288357.06
596,127.0,1910,1,115493.44
597,130.0,2006,3,216665.81
598,153.0,1977,2,172230.02
599,145.0,1980,2,172230.02
600,177.0,2005,2,223183.56
601,128.0,1937,1,121018.51
602,178.0,1992,2,209952.06
603,111.0,2004,2,160700.88
604,139.0,2002,2,192440.75
605,185.0,1965,2,208960.98
606,97.0,1996,2,149389.31
607,187.0,1948,1,154749.69
608,297.0,1934,2,295477.75
609,96.0,1961,1,121331.484
610,200.0,2000,3,283472.34
611,96.0,1978,2,143979.0
612,174.0,2001,2,220708.75
613,104.0,2007,0,133694.22
614,59.0,1972,0,82007.945
615,98.0,1963,2,142316.14
616,140.0,2002,2,192440.75
617,77.0,1954,2,104355.195
618,170.0,2007,3,315572.03
619,210.0,2003,3,316449.8
620,80.0,1914,0,79990.09
621,243.0,1974,2,199655.92
622,91.0,1977,2,135149.64
623,140.0,2000,2,191680.1
624,166.0,1972,2,181640.45
625,104.0,1962,2,142316.14
626,132.0,1960,1,138143.72
627,141.0,1955,1,143031.55
628,193.0,1969,2,215450.67
629,125.0,1964,2,147893.92
630,163.0,1880,1,123281.734
631,144.0,2006,2,214966.81
632,131.0,1977,2,160107.7
633,98.0,1954,1,124636.836
634,98.0,1980,2,143979.0
635,315.0,1914,0,186908.98
636,74.0,1936,0,91329.91
637,129.0,1954,1,128382.47
638,74.0,1910,0,79990.09
639,146.0,2006,3,227497.47
640,141.0,2003,2,196376.97
641,179.0,2001,2,220708.75
642,251.0,1972,2,285221.4
643,151.0,1969,2,172230.02
644,164.0,2009,3,314056.3
645,91.0,1971,2,126972.85
646,97.0,1950,2,113552.61
647,102.0,1953,2,125105.27
648,171.0,1966,2,189215.88
649,59.0,1970,0,82007.945
650,155.0,2007,2,259169.9
651,140.0,1940,1,135667.58
652,159.0,1996,2,206291.38
653,136.0,1906,1,116080.15
654,196.0,1995,3,283472.34
655,101.0,1971,1,123990.734
656,98.0,1959,1,127845.42
657,140.0,1931,1,135667.58
658,135.0,1948,1,128765.984
659,138.0,1964,2,160445.72
660,180.0,1976,2,186464.97
661,227.0,1994,3,271577.47
662,129.0,1968,2,147893.92
663,110.0,1972,2,144866.95
664,195.0,2005,3,316449.8
665,180.0,2000,2,213064.62
666,221.0,1965,2,180493.11
667,156.0,1994,2,199021.56
668,134.0,1956,2,155641.4
669,110.0,1922,1,110909.96
670,137.0,2005,2,185939.44
671,127.0,1925,1,115493.44
672,112.0,1977,2,157080.75
673,171.0,1957,2,184920.05
674,106.0,1965,1,127845.42
675,134.0,1978,2,159937.23
676,165.0,1900,3,107683.76
677,74.0,1924,1,100051.54
678,190.0,2008,3,376759.38
679,92.0,1961,2,133911.34
680,86.0,1980,1,120273.04
681,141.0,1932,1,135667.58
682,120.0,1996,2,174070.56
683,155.0,2002,3,241773.69
684,171.0,1998,2,213064.62
685,194.0,1984,2,225325.47
686,164.0,2007,2,241606.78
687,102.0,2004,2,150149.97
688,132.0,2007,2,219050.31
689,127.0,2005,2,174831.22
690,79.0,2004,2,139969.19
691,401.0,1994,3,545012.56
692,234.0,1989,2,268271.3
693,100.0,1921,1,110909.96
694,143.0,1936,2,154286.66
695,106.0,1987,2,145615.44
696,57.0,1921,1,83580.84
697,107.0,1952,1,124295.82
698,83.0,1965,1,115950.93
699,129.0,2004,2,174831.22
700,167.0,2002,3,255236.5
701,108.0,1969,2,144866.95
702,239.0,2006,3,336308.38
703,168.0,1900,2,132458.34
704,138.0,2004,2,190743.75
705,101.0,1930,0,87732.99
706,169.0,1971,2,189215.88
707,123.0,2006,2,181543.69
708,135.0,2007,2,219050.31
709,84.0,1966,1,115950.93
710,68.0,1935,0,63863.76
711,109.0,1900,1,110909.96
712,114.0,1988,2,167313.34
713,89.0,1970,2,126972.85
714,137.0,1976,2,159937.23
715,125.0,1974,2,160107.7
716,237.0,1890,2,148691.23
717,109.0,1973,2,144866.95
718,225.0,1993,3,271577.47
719,90.0,1969,1,115950.93
720,162.0,1985,2,213591.34
721,79.0,2004,2,139969.19
722,80.0,1970,2,120318.664
723,137.0,1954,1,136129.95
724,158.0,2007,3,299477.16
725,80.0,1970,2,120318.664
726,156.0,1988,2,199021.56
727,114.0,2007,2,180748.06
728,165.0,1958,3,136517.9
729,112.0,1925,2,119240.766
730,150.0,1995,2,199021.56
731,106.0,2003,2,150149.97
732,189.0,1998,2,231848.88
733,106.0,1961,1,127845.42
734,88.0,1968,1,115950.93
735,164.0,1914,2,152937.98
736,97.0,1950,2,113552.61
737,167.0,2005,3,255236.5
738,111.0,1987,0,140169.06
739,161.0,2004,2,202609.1
740,133.0,1910,2,131281.83
741,85.0,1961,1,115950.93
742,125.0,2000,2,174070.56
743,136.0,1963,2,155641.4
744,124.0,1993,2,170340.31
745,252.0,1976,2,285221.4
746,210.0,2000,2,252839.88
747,245.0,1880,4,247408.31
748,160.0,1996,2,206291.38
749,142.0,1945,1,135667.58
750,106.0,1910,0,87732.99
751,123.0,2003,2,174831.22
752,139.0,1997,2,191680.1
753,195.0,2005,3,316449.8
754,95.0,1969,2,135802.2
755,137.0,1999,2,185178.78
756,164.0,2007,2,241606.78
757,129.0,1978,2,160107.7
758,139.0,1999,2,191680.1
759,235.0,1995,3,300486.3
760,80.0,1959,1,112801.26
761,121.0,1924,2,126111.64
762,144.0,2009,2,218245.89
763,220.0,1999,3,295589.22
764,139.0,1995,2,187949.84
765,140.0,2008,2,237899.11
766,159.0,1988,2,199021.56
767,163.0,1940,1,157125.44
768,171.0,2004,2,213825.28
769,305.0,2003,3,488965.84
770,80.0,1982,2,131489.34
771,113.0,1951,2,121261.36
772,104.0,1976,2,143979.0
773,85.0,1958,1,115950.93
774,183.0,2006,3,285972.84
775,112.0,1998,2,168536.38
776,150.0,2005,3,218725.19
777,83.0,1974,2,135149.64
778,188.0,1977,2,195444.88
779,93.0,1977,2,143979.0
780,116.0,1995,2,170340.31
781,149.0,1992,2,199021.56
782,133.0,2001,2,192822.9
783,103.0,1978,2,143979.0
784,138.0,1914,0,116211.05
785,125.0,1967,2,147893.92
786,153.0,1915,1,136179.69
787,194.0,2004,2,231939.89
788,84.0,1954,1,114633.195
789,194.0,1966,2,219461.97
790,106.0,2005,2,150149.97
791,99.0,1976,2,143979.0
792,187.0,1996,2,231848.88
793,139.0,2007,2,233212.94
794,176.0,1994,2,209952.06
795,145.0,1980,2,172230.02
796,119.0,1977,2,160107.7
797,72.0,1953,1,109947.69
798,292.0,2008,3,513760.78
799,164.0,1937,1,157125.44
800,157.0,1997,2,206291.38
801,111.0,1916,2,119240.766
802,135.0,2005,2,185939.44
803,262.0,2008,3,513760.78
804,105.0,1954,1,125831.66
805,133.0,2008,2,223736.48
806,91.0,1967,1,115950.93
807,146.0,1923,2,166410.42
808,101.0,1966,2,142316.14
809,199.0,1898,2,142897.3
810,122.0,1974,2,160107.7
811,79.0,2004,2,139969.19
812,97.0,1952,2,113552.61
813,134.0,1958,1,138143.72
814,116.0,1918,1,110909.96
815,154.0,1998,2,206291.38
816,94.0,1954,1,118122.9
817,157.0,2002,3,251881.44
818,98.0,1971,2,142316.14
819,126.0,2009,2,199473.92
820,152.0,2003,2,202609.1
821,87.0,1953,2,117396.52
822,161.0,2003,2,202609.1
823,138.0,1940,1,131956.78
824,138.0,2006,2,219968.9
825,194.0,2007,3,348446.5
826,73.0,1924,0,87273.95
827,133.0,2001,2,192822.9
828,198.0,1967,2,215450.67
829,114.0,2005,2,169297.03
830,129.0,1957,2,147893.92
831,111.0,2005,2,160700.88
832,170.0,2003,2,213825.28
833,141.0,1964,2,162142.73
834,106.0,1961,2,142316.14
835,99.0,1950,2,121261.36
836,145.0,1948,2,166410.42
837,92.0,1973,1,112096.24
838,102.0,1995,1,127912.15
839,111.0,1946,1,118455.625
840,138.0,1925,1,131956.78
841,143.0,1904,2,147125.89
842,108.0,1966,2,144866.95
843,167.0,1961,0,143649.16
844,132.0,1915,3,125419.43
845,158.0,1975,2,172230.02
846,165.0,1993,2,202376.62
847,80.0,1972,1,108946.57
848,219.0,1908,2,162610.67
849,172.0,1976,2,189215.88
850,79.0,2003,2,139969.19
851,135.0,2003,2,185939.44
852,153.0,1941,1,152231.81
853,134.0,1964,2,155641.4
854,165.0,1955,2,174299.48
855,97.0,1962,1,121331.484
856,95.0,1978,2,143979.0
857,138.0,1994,2,186252.84
858,127.0,1976,2,160107.7
859,247.0,1968,2,285221.4
860,132.0,1918,1,123240.914
861,97.0,1965,2,135802.2
862,102.0,1984,2,144819.81
863,107.0,1959,1,127845.42
864,127.0,2007,2,194787.75
865,93.0,1970,2,135802.2
866,153.0,2006,3,242033.47
867,104.0,1961,2,142316.14
868,216.0,1948,2,203167.66
869,181.0,1993,2,209952.06
870,83.0,1962,1,115950.93
871,156.0,1998,2,206291.38
872,85.0,1953,2,117396.52
873,118.0,1949,1,124295.82
874,105.0,1941,1,118455.625
875,242.0,2007,2,284403.53
876,97.0,1963,2,135802.2
877,207.0,2004,3,316449.8
878,107.0,1961,2,142316.14
879,80.0,1978,1,117123.37
880,101.0,2005,2,150149.97
881,160.0,1990,2,199021.56
882,148.0,1992,2,199021.56
883,207.0,1912,1,140482.1
884,83.0,1967,1,115950.93
885,159.0,1999,2,206291.38
886,159.0,1959,2,167934.19
887,129.0,1955,1,128382.47
888,206.0,1970,2,215450.67
889,140.0,1953,2,154286.66
890,86.0,1949,2,113552.61
891,156.0,1978,2,172230.02
892,99.0,1963,1,127845.42
893,128.0,1954,1,128382.47
894,143.0,1979,2,166438.58
895,167.0,1963,2,177344.62
896,88.0,1936,1,107257.164
897,208.0,1979,2,202089.88
898,220.0,2009,3,442442.3
899,115.0,1961,1,130396.234
900,80.0,1971,1,108946.57
901,121.0,1957,1,130396.234
902,140.0,2003,2,192440.75
903,155.0,2006,3,250295.53
904,84.0,1967,1,115950.93
905,99.0,1954,1,125831.66
906,152.0,2006,3,244677.12
907,191.0,1936,1,193510.73
908,84.0,1983,2,135990.47
909,138.0,2005,2,200102.06
910,211.0,1960,2,206065.53
911,118.0,1977,1,138755.33
912,94.0,1925,1,103201.21
913,186.0,1949,3,169181.53
914,114.0,2009,2,182964.31
915,101.0,1970,1,123990.734
916,45.0,1949,1,86678.27
917,114.0,1956,1,130396.234
918,198.0,1991,3,253762.45
919,131.0,1958,2,147893.92
920,160.0,1994,2,199021.56
921,204.0,1900,0,127505.35
922,122.0,2005,2,174831.22
923,150.0,1993,2,199021.56
924,157.0,1980,2,172230.02
925,105.0,1977,2,143979.0
926,221.0,2003,3,316449.8
927,184.0,1968,2,179824.55
928,166.0,2001,2,217290.6
929,208.0,1997,2,245937.86
930,136.0,2007,3,243064.22
931,86.0,1965,1,115950.93
932,177.0,2006,3,292354.5
933,139.0,2004,2,192440.75
934,192.0,1960,2,212524.33
935,69.0,1926,2,78749.38
936,111.0,2003,2,160700.88
937,183.0,2005,2,216801.9
938,182.0,2006,3,285972.84
939,223.0,1940,1,208066.69
940,161.0,1976,2,164219.36
941,191.0,1999,2,231848.88
942,134.0,1977,0,133854.58
943,152.0,1967,2,172230.02
944,125.0,1958,2,147893.92
945,174.0,1890,2,134861.72
946,106.0,1959,1,127845.42
947,151.0,2002,3,241773.69
948,165.0,2002,2,210407.12
949,128.0,1972,2,147893.92
950,80.0,1950,2,98975.445
951,90.0,1965,1,115950.93
952,71.0,1972,1,108946.57
953,183.0,1969,2,174912.81
954,91.0,1975,0,115542.76
955,182.0,1946,2,146309.95
956,114.0,1980,2,157080.75
957,98.0,1962,2,142316.14
958,124.0,2003,2,174831.22
959,132.0,1999,2,185178.78
960,80.0,1958,0,100023.67
961,267.0,1977,2,272637.16
962,144.0,1976,2,172230.02
963,167.0,2007,2,241606.78
964,176.0,2002,2,213825.28
965,138.0,2005,2,200102.06
966,122.0,1940,1,118455.625
967,102.0,1955,1,125831.66
968,90.0,1910,0,77998.54
969,102.0,1958,1,127845.42
970,111.0,1949,0,101118.85
971,151.0,2003,2,202609.1
972,85.0,1979,1,120273.04
973,133.0,2007,2,219050.31
974,188.0,1910,2,153446.14
975,128.0,2000,2,174070.56
976,81.0,1923,0,87273.95
977,115.0,2006,2,176009.53
978,83.0,1954,2,118932.36
979,104.0,1963,2,142316.14
980,93.0,1961,2,135802.2
981,243.0,1998,3,310255.56
982,118.0,2007,2,180748.06
983,213.0,2002,2,252930.89
984,161.0,1977,2,164219.36
985,108.0,1950,1,124295.82
986,152.0,1910,1,128517.266
987,180.0,2009,3,354391.28
988,189.0,1976,2,236134.84
989,146.0,2006,2,220739.69
990,222.0,1997,3,310255.56
991,162.0,1882,2,146920.16
992,172.0,1964,2,184920.05
993,139.0,2005,2,201799.06
994,160.0,2006,3,266662.97
995,114.0,1946,1,118455.625
996,98.0,1961,1,127845.42
997,134.0,1970,2,159937.23
998,100.0,1922,1,110909.96
999,112.0,2006,2,176009.53
1000,88.0,1952,2,113552.61
1001,64.0,1920,1,83580.84
1002,146.0,2006,3,227497.47
1003,156.0,1976,2,172230.02
1004,140.0,2005,2,201799.06
1005,92.0,1977,1,120273.04
1006,154.0,1970,2,172230.02
1007,101.0,1970,1,123990.734
1008,159.0,2004,2,202609.1
1009,141.0,1926,0,117516.32
1010,118.0,1948,1,118455.625
1011,155.0,1965,0,112886.266
1012,140.0,1923,1,135667.58
1013,95.0,1910,1,103201.21
1014,101.0,1948,1,118455.625
1015,155.0,2001,2,213935.53
1016,140.0,1996,2,191680.1
1017,126.0,1984,2,160948.53
1018,137.0,1991,2,181448.5
1019,140.0,2005,2,201799.06
1020,105.0,2005,2,150149.97
1021,113.0,2006,2,176009.53
1022,116.0,1930,1,110909.96
1023,140.0,2005,2,201799.06
1024,269.0,1976,2,285221.4
1025,82.0,1972,2,120318.664
1026,117.0,1960,2,147893.92
1027,153.0,2007,3,259877.4
1028,128.0,1941,1,121018.51
1029,113.0,1972,1,126541.55
1030,179.0,1916,0,133452.66
1031,286.0,1920,2,231267.02
1032,234.0,1993,3,271577.47
1033,154.0,2002,3,241773.69
1034,89.0,1938,1,107257.164
1035,79.0,1957,1,112801.26
1036,151.0,2007,3,262521.06
1037,210.0,2001,2,259814.38
1038,125.0,1970,0,107219.266
1039,59.0,1970,1,90930.85
1040,168.0,1957,2,177344.62
1041,152.0,1966,2,172230.02
1042,121.0,2005,2,174831.22
1043,216.0,1990,2,252038.81
1044,234.0,1981,2,250931.94
1045,161.0,1955,2,159923.53
1046,266.0,2005,3,457577.2
1047,92.0,1994,2,143724.6
1048,165.0,1960,2,177344.62
1049,86.0,1946,1,107257.164
1050,121.0,2007,2,180748.06
1051,122.0,2007,2,194787.75
1052,184.0,1964,2,175528.72
1053,142.0,1957,1,143031.55
1054,185.0,2002,2,231939.89
1055,141.0,1976,2,166438.58
1056,127.0,2005,2,174831.22
1057,172.0,1994,2,209952.06
1058,203.0,2008,3,437230.34
1059,185.0,1932,2,181411.92
1060,124.0,2001,2,181714.69
1061,83.0,1935,3,112770.26
1062,217.0,1900,2,137299.3
1063,102.0,1925,2,119240.766
1064,107.0,1966,2,142316.14
1065,210.0,1996,2,252839.88
1066,146.0,1993,2,199021.56
1067,150.0,1964,2,167934.19
1068,234.0,1973,2,190087.34
1069,83.0,1949,2,113552.61
1070,97.0,1956,1,121331.484
1071,145.0,1968,2,172230.02
1072,135.0,1948,1,128765.984
1073,132.0,1977,2,159937.23
1074,115.0,2006,3,192565.1
1075,162.0,1940,1,171587.23
1076,136.0,1936,2,138442.6
1077,102.0,1969,1,127845.42
1078,79.0,2004,2,139969.19
1079,92.0,1994,1,122531.59
1080,117.0,1971,2,147893.92
1081,97.0,1963,1,121331.484
1082,136.0,2002,2,185939.44
1083,116.0,1964,1,130396.234
1084,139.0,1995,2,187949.84
1085,93.0,1992,2,145615.44
1086,101.0,1973,1,123990.734
1087,181.0,2005,3,281975.4
1088,159.0,2004,2,202609.1
1089,116.0,2005,2,169297.03
1090,97.0,1950,2,113552.61
1091,116.0,1999,2,168536.38
1092,157.0,1925,2,166410.42
1093,111.0,1965,2,144866.95
1094,87.0,1956,1,115950.93
1095,122.0,2006,2,181543.69
1096,126.0,1914,0,92316.47
1097,101.0,1986,2,145615.44
1098,123.0,1936,1,118455.625
1099,149.0,1978,2,172230.02
1100,41.0,1920,1,73365.48
1101,88.0,1971,1,112096.24
1102,105.0,1960,1,127845.42
1103,111.0,1959,2,144866.95
1104,121.0,1970,2,147893.92
1105,244.0,1994,2,263718.88
1106,134.0,1990,2,181448.5
1107,188.0,2006,2,258324.62
1108,157.0,2000,2,206291.38
1109,171.0,2004,3,288357.06
1110,154.0,1995,2,199021.56
1111,182.0,1976,2,174912.81
1112,76.0,1957,1,112801.26
1113,94.0,1953,1,116587.06
1114,77.0,1954,1,111483.52
1115,161.0,2007,3,299477.16
1116,132.0,2002,2,185939.44
1117,83.0,1967,2,126972.85
1118,149.0,1958,1,155005.27
1119,97.0,1959,1,121331.484
1120,94.0,1920,1,103201.21
1121,144.0,2005,3,218725.19
1122,89.0,1956,1,115950.93
1123,65.0,1947,0,82866.37
1124,138.0,1992,2,186252.84
1125,93.0,1955,2,118932.36
1126,144.0,2007,3,231429.06
1127,142.0,2004,3,215586.6
1128,182.0,2004,2,207443.62
1129,87.0,1980,2,135149.64
1130,184.0,1928,2,153238.44
1131,90.0,1991,0,121686.766
1132,205.0,1880,1,127505.35
1133,188.0,1995,2,231848.88
1134,149.0,1997,2,206291.38
1135,92.0,1926,1,103201.21
1136,116.0,1950,1,124295.82
1137,95.0,1875,0,86538.17
1138,146.0,1977,2,172230.02
1139,108.0,1920,2,119240.766
1140,88.0,1951,2,113552.61
1141,174.0,1976,2,189215.88
1142,263.0,2006,3,444795.06
1143,93.0,1959,0,101178.74
1144,86.0,1941,1,107257.164
1145,146.0,1928,1,152231.81
1146,121.0,1985,2,170340.31
1147,145.0,1941,1,152231.81
1148,103.0,1926,1,110909.96
1149,138.0,1920,2,150575.88
1150,87.0,1950,1,113097.36
1151,136.0,1959,2,155641.4
1152,168.0,1956,2,177344.62
1153,76.0,1930,1,100051.54
1154,169.0,1965,2,189215.88
1155,134.0,1976,2,159937.23
1156,118.0,1965,2,147893.92
1157,122.0,2007,2,194787.75
1158,147.0,2007,3,237201.94
1159,174.0,1974,2,189215.88
1160,135.0,1978,2,159937.23
1161,152.0,1954,2,167934.19
1162,83.0,1968,2,126972.85
1163,117.0,1969,2,147893.92
1164,133.0,1978,2,159937.23
1165,140.0,2009,2,226787.52
1166,157.0,2008,3,305952.2
1167,155.0,2000,2,206291.38
1168,196.0,1935,2,201240.25
1169,337.0,1995,3,573921.44
1170,104.0,1977,1,125653.59
1171,117.0,1958,2,147893.92
1172,116.0,2006,2,176009.53
1173,287.0,1946,0,270883.56
1174,218.0,1932,2,221922.92
1175,267.0,1992,2,346101.06
1176,86.0,1984,1,121113.85
1177,114.0,1926,1,110909.96
1178,125.0,1921,1,110909.96
1179,104.0,1954,0,102654.69
1180,234.0,1990,2,256063.03
1181,153.0,2008,2,291771.22
1182,416.0,1996,3,594760.9
1183,105.0,1920,2,119240.766
1184,146.0,1963,3,142705.7
1185,113.0,1924,1,110909.96
1186,158.0,1900,2,121659.06
1187,151.0,1994,3,229443.75
1188,154.0,2002,2,207052.03
1189,168.0,1999,2,209646.47
1190,151.0,1961,4,142705.7
1191,134.0,1999,2,185178.78
1192,137.0,1925,1,123240.914
1193,114.0,1999,2,168536.38
1194,126.0,1969,1,130396.234
1195,135.0,2005,2,185939.44
1196,173.0,2006,3,292354.5
1197,157.0,1916,1,136179.69
1198,113.0,2001,2,176180.53
1199,128.0,1963,2,147893.92
1200,80.0,1970,1,108946.57
1201,165.0,1998,2,209646.47
1202,125.0,1925,1,110909.96
1203,151.0,2000,2,206291.38
1204,100.0,1975,2,143979.0
1205,204.0,1990,3,253762.45
1206,98.0,1966,1,127845.42
1207,158.0,2003,2,202609.1
1208,119.0,1962,2,147893.92
1209,154.0,2006,2,241325.97
1210,171.0,1992,2,209952.06
1211,163.0,1988,2,202174.69
1212,62.0,1941,1,95643.95
1213,89.0,1965,1,115950.93
1214,93.0,1962,1,117841.78
1215,83.0,1966,1,115950.93
1216,177.0,1978,2,186464.97
1217,122.0,2009,2,199473.92
1218,85.0,1947,0,82054.49
1219,113.0,1971,0,107219.266
1220,85.0,1964,1,115950.93
1221,113.0,1968,1,130396.234
1222,171.0,1949,1,145627.42
1223,198.0,1951,2,182484.98
1224,138.0,2004,2,190743.75
1225,106.0,1958,1,127845.42
1226,180.0,2007,3,315572.03
1227,85.0,1965,2,126972.85
1228,158.0,2008,3,312211.88
1229,140.0,1960,1,143031.55
1230,243.0,1977,2,199655.92
1231,111.0,1962,2,144866.95
1232,114.0,1962,2,144866.95
1233,110.0,1959,2,144866.95
1234,182.0,1911,0,121494.164
1235,166.0,1914,1,141073.31
1236,151.0,2003,2,202609.1
1237,181.0,2004,2,207443.62
1238,106.0,2005,2,150149.97
1239,138.0,2006,2,219968.9
1240,164.0,2003,2,210407.12
1241,157.0,2007,3,293217.47
1242,109.0,1974,2,157080.75
1243,193.0,2006,3,333476.25
1244,141.0,1929,2,154286.66
1245,174.0,1984,2,209750.12
1246,144.0,2005,2,211967.4
1247,96.0,1976,3,145309.73
1248,191.0,1917,2,155874.03
1249,92.0,1950,1,113097.36
1250,196.0,1968,2,215450.67
1251,131.0,2003,2,174831.22
1252,81.0,1968,1,112801.26
1253,201.0,1974,2,215450.67
1254,154.0,2003,2,202609.1
1255,127.0,1931,1,115493.44
1256,185.0,1994,2,231848.88
1257,80.0,1922,0,83223.28
1258,108.0,2005,2,160700.88
1259,98.0,1969,2,142316.14
1260,156.0,1999,2,206291.38
1261,98.0,1956,1,127845.42
1262,166.0,1957,1,165479.95
1263,169.0,1919,2,169551.5
1264,124.0,1998,2,174070.56
1265,135.0,1999,2,185178.78
1266,175.0,1910,1,135356.53
1267,187.0,2008,3,376759.38
1268,320.0,1935,3,370901.62
1269,142.0,1958,1,143031.55
1270,142.0,1979,2,166438.58
1271,138.0,1968,2,164741.56
1272,87.0,1965,1,115950.93
1273,126.0,1959,1,130396.234
1274,116.0,1910,2,126111.64
1275,178.0,1948,2,150606.03
1276,130.0,1972,2,147893.92
1277,160.0,1967,2,172230.02
1278,189.0,2002,2,231939.89
1279,105.0,1920,2,119240.766
1280,146.0,2002,2,207052.03
1281,124.0,1990,2,170340.31
1282,97.0,1977,2,143979.0
1283,169.0,1971,0,162131.39
1284,227.0,1919,1,173069.72
1285,131.0,1939,1,121018.51
1286,123.0,1963,2,147893.92
1287,147.0,1964,2,167934.19
1288,154.0,2000,2,206291.38
1289,183.0,2006,3,285972.84
1290,107.0,1964,2,142316.14
1291,121.0,1972,1,126541.55
1292,220.0,1892,1,123271.58
1293,155.0,1976,2,172230.02
1294,80.0,1955,2,104355.195
1295,98.0,1968,1,127845.42
1296,105.0,1963,2,142316.14
1297,100.0,2005,2,150149.97
1298,524.0,2008,2,159853.23
1299,116.0,1959,1,130396.234
1300,184.0,1999,2,218002.42
1301,139.0,1942,1,135667.58
1302,235.0,1994,3,271577.47
1303,150.0,2005,3,218725.19
1304,159.0,2004,2,202609.1
1305,153.0,2006,2,258936.75
1306,127.0,2005,2,174831.22
1307,92.0,1994,2,143724.6
1308,104.0,1948,2,121261.36
1309,120.0,1991,2,170340.31
1310,177.0,1959,2,182169.14
1311,118.0,2005,2,174831.22
1312,261.0,1990,2,276667.38
1313,241.0,1999,3,310255.56
1314,88.0,1954,1,114633.195
1315,196.0,1969,2,215450.67
1316,151.0,2008,3,275255.75
1317,126.0,2006,2,181543.69
1318,166.0,2001,3,251880.1
1319,88.0,1954,1,114633.195
1320,137.0,1957,2,155641.4
1321,67.0,1949,1,89085.07
1322,179.0,1992,2,209952.06
1323,66.0,1940,0,75057.8
1324,167.0,2006,3,259233.94
1325,74.0,1922,0,83223.28
1326,72.0,1931,0,87273.95
1327,76.0,1982,1,117964.18
1328,259.0,1920,2,236411.8
1329,152.0,1998,2,206291.38
1330,148.0,2006,3,227497.47
1331,89.0,1976,2,135149.64
1332,76.0,1938,1,104107.49
1333,126.0,1938,1,121018.51
1334,127.0,1970,2,147893.92
1335,124.0,1977,2,160107.7
1336,154.0,1973,2,172230.02
1337,64.0,1941,0,82866.37
1338,173.0,2002,2,213825.28
1339,80.0,1972,1,108946.57
1340,81.0,1971,4,136764.69
1341,103.0,2003,2,150149.97
1342,202.0,2002,2,246028.88
1343,178.0,1928,2,166800.6
1344,135.0,2006,2,205806.28
1345,89.0,1920,1,103201.21
1346,200.0,1968,2,215450.67
1347,165.0,2006,3,259233.94
1348,139.0,1998,2,191680.1
1349,219.0,1872,0,128643.984
1350,245.0,1969,4,283340.28
1351,159.0,1962,2,167934.19
1352,109.0,1937,2,121261.36
1353,301.0,1995,3,441578.56
1354,173.0,2000,3,254709.97
1355,178.0,1968,2,186464.97
1356,83.0,1966,1,115950.93
1357,100.0,1971,2,142316.14
1358,146.0,2000,2,206291.38
1359,184.0,2004,3,297590.94
1360,242.0,1921,2,185854.94
1361,142.0,2005,2,205735.28
1362,161.0,1920,1,137862.48
1363,131.0,2006,2,181543.69
1364,111.0,2005,2,160700.88
1365,156.0,2000,2,206291.38
1366,166.0,1999,2,209646.47
1367,137.0,1977,1,138584.86
1368,79.0,2003,2,139969.19
1369,155.0,2003,2,202609.1
1370,128.0,1920,1,115493.44
1371,154.0,1955,1,155005.27
1372,195.0,1998,2,245937.86
1373,245.0,2001,3,373260.8
1374,182.0,2005,3,281975.4
1375,146.0,2007,3,237201.94
1376,73.0,1930,1,100051.54
1377,149.0,1941,2,166410.42
1378,92.0,1973,1,112096.24
1379,130.0,2006,2,181543.69
1380,80.0,1914,1,92767.68
1381,197.0,1970,2,215450.67
1382,164.0,1920,2,168990.11
1383,132.0,1918,2,138442.6
1384,117.0,1939,1,118455.625
1385,107.0,1922,1,110909.96
1386,259.0,1978,2,272637.16
1387,235.0,1916,1,139499.98
1388,162.0,2006,3,270650.6
1389,113.0,1941,2,121261.36
1390,142.0,2000,2,200059.22
1391,147.0,1967,3,142705.7
1392,84.0,1967,1,115950.93
1393,178.0,1905,2,150748.47
1394,139.0,2006,3,229820.19
1395,231.0,2005,3,323279.38
1396,157.0,1948,2,166410.42
1397,141.0,1920,1,135667.58
1398,177.0,1950,1,142876.52
1399,149.0,1925,1,152231.81
1400,108.0,1929,1,110909.96
1401,148.0,2004,2,202609.1
1402,120.0,2006,2,181543.69
1403,136.0,2007,3,243064.22
1404,113.0,1915,3,113965.08
1405,153.0,2004,2,202609.1
1406,71.0,1972,2,120318.664
1407,77.0,1985,0,114737.86
1408,127.0,1910,2,130695.12
1409,194.0,1986,2,225325.47
1410,171.0,2001,2,220708.75
1411,155.0,1950,1,153481.5
1412,97.0,1949,2,113552.61
1413,171.0,2005,2,223183.56
1414,172.0,1923,2,169551.5
1415,146.0,2007,3,237201.94
1416,213.0,1885,2,137299.3
1417,228.0,1998,3,310255.56
1418,106.0,1963,1,127845.42
1419,171.0,1969,2,189215.88
1420,132.0,1968,2,159937.23
1421,99.0,1977,2,143979.0
1422,79.0,2003,2,139969.19
1423,204.0,1966,2,219461.97
1424,125.0,1958,1,130396.234
1425,116.0,1959,2,147893.92
1426,198.0,1994,2,245937.86
1427,145.0,1945,1,152231.81
1428,75.0,1940,1,104107.49
1429,134.0,1981,2,175990.47
1430,171.0,2005,2,223183.56
1431,89.0,1976,2,135149.64
1432,90.0,1927,1,103201.21
1433,166.0,2000,2,209646.47
1434,105.0,1977,2,143979.0
1435,143.0,1962,2,162142.73
1436,80.0,1971,2,120318.664
1437,179.0,2008,3,362266.53
1438,115.0,1957,2,144866.95
1439,160.0,1979,2,172230.02
1440,237.0,1922,2,185854.94
1441,79.0,2004,2,139969.19
1442,186.0,2008,3,357900.5
1443,88.0,1916,1,103201.21
1444,132.0,2004,2,185939.44
1445,85.0,1966,1,115950.93
1446,110.0,1962,1,130396.234
1447,194.0,1995,2,231848.88
1448,125.0,1910,1,110909.96
1449,59.0,1970,0,82007.945
1450,166.0,1974,0,138156.3
1451,147.0,2008,3,249936.61
1452,100.0,2005,2,150149.97
1453,106.0,2006,0,106071.516
1454,113.0,2004,2,169297.03
1455,153.0,1999,2,206291.38
1456,193.0,1978,2,215450.67
1457,217.0,1941,1,214193.42
1458,100.0,1950,1,124295.82
1459,117.0,1965,1,130396.234
